ISIN,TICKER,NAME,COUNTRY,SECTOR,WEIGHT
IE00073MUWT4,2113382,"TAIWAN SEMICONDUCTOR MANUFACTURING SPON ADS EACH R",TAIWAN,"Information Technology",8.60%
IE00073MUWT4,6771720,"SAMSUNG ELECTRONICS CO KRW100","KOREA, REPUBLIC OF","Information Technology",7.77%
IE00073MUWT4,B929F46,"ASML HOLDING NV EUR0.09",NETHERLANDS,"Information Technology",6.02%
IE00073MUWT4,6450267,"SK HYNIX INC","KOREA, REPUBLIC OF","Information Technology",5.61%
IE00073MUWT4,6870490,"ADVANTEST CORP",JAPAN,"Information Technology",3.34%
IE00073MUWT4,6895675,"TOKYO ELECTRON NPV",JAPAN,"Information Technology",2.91%
IE00073MUWT4,BTMJD19,"ROCHE HLDG.",SWITZERLAND,Pharmaceuticals,2.75%
IE00073MUWT4,7103065,"NOVARTIS AG CHF0.49 (REGD)",SWITZERLAND,Pharmaceuticals,2.47%
IE00073MUWT4,BK6YZP5,"ALIBABA GROUP HOLDING LTD","CAYMAN ISLANDS","Consumer Discretionary",2.46%
IE00073MUWT4,989529,"ASTRAZENECA ORD USD0.25","UNITED KINGDOM",Pharmaceuticals,2.22%
IE00073MUWT4,7123870,"NESTLE SA",SWITZERLAND,"Consumer Staples",2.21%
IE00073MUWT4,6144690,"BHP GROUP LIMITED",AUSTRALIA,Materials,2.19%
IE00073MUWT4,4846288,"SAP SE",GERMANY,"Information Technology",2.02%
IE00073MUWT4,4834108,"SCHNEIDER ELECTRIC SE EUR4.00",FRANCE,Industrials,1.76%
IE00073MUWT4,6610403,"MURATA MANUFACTURING CO NPV",JAPAN,"Information Technology",1.56%
IE00073MUWT4,BVZK7T9,"UNILEVER PLC","UNITED KINGDOM","Consumer Staples",1.51%
IE00073MUWT4,6429104,"HITACHI NPV",JAPAN,Industrials,1.46%
IE00073MUWT4,BQRRZ00,"RECRUIT HOLDINGS CO LTD NPV",JAPAN,Industrials,1.44%
IE00073MUWT4,7108899,"ABB LTD CHF0.12 (REGD)",SWITZERLAND,Industrials,1.43%
IE00073MUWT4,BP6KMJ1,"NOVO NORDISK A/S",DENMARK,Pharmaceuticals,1.35%
IE00073MUWT4,B1YXBJ7,"AIR LIQUIDE(L ) EUR5.50",FRANCE,Materials,1.17%
IE00073MUWT4,BCRWZ18,"COMPAGNIE FINANCIERE RICHEMONT SA. CHF1 (REGD)",SWITZERLAND,"Consumer Discretionary",1.17%
IE00073MUWT4,B3NB1P2,"SUNCOR ENERGY INC NEW COM",CANADA,Energy,1.17%
IE00073MUWT4,BMTVQK9,"SIEMENS ENERGY AG",GERMANY,Industrials,1.14%
IE00073MUWT4,718875,"RIO TINTO ORD GBP0.10","UNITED KINGDOM",Materials,1.01%
IE00073MUWT4,4057808,"L OREAL EUR0.20",FRANCE,"Consumer Staples",0.98%
IE00073MUWT4,2171573,"CANADIAN NATURAL RESOURCES COM NPV",CANADA,Energy,0.97%
IE00073MUWT4,6490995,"KEYENCE CORP NPV",JAPAN,"Information Technology",0.96%
IE00073MUWT4,BN7SWP6,"GSK PLC","UNITED KINGDOM",Pharmaceuticals,0.95%
IE00073MUWT4,2009823,"AGNICO EAGLE MINES LTD",CANADA,Materials,0.94%
IE00073MUWT4,5671735,"SANOFI SA",FRANCE,Pharmaceuticals,0.89%
IE00073MUWT4,6332439,"FAST RETAILING CO LTD NPV",JAPAN,"Consumer Discretionary",0.86%
IE00073MUWT4,5889505,"INFINEON TECHNOLOGIES AG ORD NPV (REGD)",GERMANY,"Information Technology",0.83%
IE00073MUWT4,BMBQR09,"CANADIAN PAC. KANSAS CITY.",CANADA,Industrials,0.78%
IE00073MUWT4,BP9DL90,"INDITEX (IND.DE DISENO TEXTIL SA) EUR0.03 (P",SPAIN,"Consumer Discretionary",0.72%
IE00073MUWT4,6804585,"SHIN-ETSU CHEMICAL CO NPV",JAPAN,Materials,0.71%
IE00073MUWT4,6597045,"MITSUBISHI ELECTRIC CORP NPV",JAPAN,Industrials,0.70%
IE00073MUWT4,BNM23Q1,"BARRICK MINING CORPORATION",CANADA,Materials,0.70%
IE00073MUWT4,2180632,"CANADIAN NATL RY CO COM.",CANADA,Industrials,0.65%
IE00073MUWT4,BF13KN5,"WHEATON PRECIOUS METALS CORP COM",CANADA,Materials,0.63%
IE00073MUWT4,5253973,"HERMES INTERNATIONAL SCA",FRANCE,"Consumer Discretionary",0.63%
IE00073MUWT4,BYVW0F7,"PDD HOLDINGS INC","CAYMAN ISLANDS","Consumer Discretionary",0.63%
IE00073MUWT4,2398822,"INFOSYS LIMITED ADR",INDIA,"Information Technology",0.61%
IE00073MUWT4,6948836,"WESFARMERS LTD ORD NPV",AUSTRALIA,"Consumer Discretionary",0.61%
IE00073MUWT4,B2B0DG9,"RELX PLC","UNITED KINGDOM",Industrials,0.60%
IE00073MUWT4,BG0ZMJ9,"XIAOMI CORPORATION USD0.0000025 B CLASS","CAYMAN ISLANDS","Information Technology",0.58%
IE00073MUWT4,6185495,"CSL LTD ORD NPV",AUSTRALIA,Biotechnology,0.56%
IE00073MUWT4,BGJW376,"MEITUAN USD0.00001 B CLASS","CAYMAN ISLANDS","Consumer Discretionary",0.53%
IE00073MUWT4,BLDBN41,"ATLAS COPCO AB",SWEDEN,Industrials,0.51%
IE00073MUWT4,7212477,"ESSILORLUXOTTICA EUR 0.18",FRANCE,"Health Care Supplies",0.51%
IE00073MUWT4,BD6G507,"FERRARI N V COM EUR0.01",NETHERLANDS,"Consumer Discretionary",0.49%
IE00073MUWT4,7333378,"LONZA GROUP AG CHF1 (REGD)",SWITZERLAND,"Life Sciences Tools & Services",0.48%
IE00073MUWT4,6536651,"BYD COMPANY LIMITED H CNY1",CHINA,"Consumer Discretionary",0.47%
IE00073MUWT4,6441506,"HOYA CORP NPV",JAPAN,"Health Care Supplies",0.47%
IE00073MUWT4,B15C4L6,"CONSTELLATION SOFTWARE INC COM",CANADA,"Information Technology",0.47%
IE00073MUWT4,BSZBP53,"RECKITT BENCKISER GROUP PLC","UNITED KINGDOM","Consumer Staples",0.43%
IE00073MUWT4,6220103,"RIO TINTO LIMITED NPV",AUSTRALIA,Materials,0.43%
IE00073MUWT4,7110753,"HOLCIM AG",SWITZERLAND,Materials,0.42%
IE00073MUWT4,BMX86B7,"HALEON PLC","UNITED KINGDOM",Pharmaceuticals,0.41%
IE00073MUWT4,BYQFRK5,"WASTE CONNECTIONS INC COM",CANADA,Industrials,0.40%
IE00073MUWT4,6496584,"KOMATSU NPV",JAPAN,Industrials,0.40%
IE00073MUWT4,6356945,"FUJITSU LIMITED",JAPAN,"Information Technology",0.40%
IE00073MUWT4,BKPQZT6,"JD.COM INC USD0.00002 A CLASS","CAYMAN ISLANDS","Consumer Discretionary",0.39%
IE00073MUWT4,B11ZRK9,"LEGRAND SA EUR4",FRANCE,Industrials,0.39%
IE00073MUWT4,6640400,"NEC CORP NPV",JAPAN,"Information Technology",0.39%
IE00073MUWT4,6280215,"GOLD FIELDS LTD ZAR0.50","SOUTH AFRICA",Materials,0.38%
IE00073MUWT4,B19NLV4,"EXPERIAN ORD USD0.10","JERSEY, CHANNEL ISLANDS",Industrials,0.38%
IE00073MUWT4,B03FYZ4,"GOODMAN GRP.",AUSTRALIA,"Real Estate",0.37%
IE00073MUWT4,B5LTM93,"OTSUKA HOLDINGS CO LTD",JAPAN,Pharmaceuticals,0.36%
IE00073MUWT4,6250724,"DAIKIN INDUSTRIES NPV",JAPAN,Industrials,0.36%
IE00073MUWT4,BF2DSG3,"SIKA AG",SWITZERLAND,Materials,0.36%
IE00073MUWT4,BD6K457,"COMPASS GROUP PLC ORD GBP0.1105","UNITED KINGDOM","Consumer Discretionary",0.34%
IE00073MUWT4,BYPC1T4,"ASSA ABLOY SER B NPV (POST SPLIT)",SWEDEN,Industrials,0.34%
IE00073MUWT4,6356934,"FANUC CORP",JAPAN,Industrials,0.34%
IE00073MUWT4,BJT1GR5,"ALCON AG",SWITZERLAND,"Health Care",0.34%
IE00073MUWT4,B4TP9G2,"DOLLARAMA INC COM STK NPV",CANADA,"Consumer Discretionary",0.33%
IE00073MUWT4,5980613,"GIVAUDAN SA CHF10",SWITZERLAND,Materials,0.33%
IE00073MUWT4,B0J7D91,"DAIICHI SANKYO COMPANY LIMITED NPV",JAPAN,"Health Care",0.32%
IE00073MUWT4,6270948,"DISCO CORPORATION NPV",JAPAN,"Information Technology",0.32%
IE00073MUWT4,4031976,"ADIDAS AG NPV (REGD)",GERMANY,"Consumer Discretionary",0.31%
IE00073MUWT4,B3MSM28,"AMADEUS IT GROUP SA EUR0.01",SPAIN,"Consumer Discretionary",0.30%
IE00073MUWT4,5596991,"UCB SA",BELGIUM,Pharmaceuticals,0.30%
IE00073MUWT4,BLDBN52,"ATLAS COPCO AB-B SHS",SWEDEN,Industrials,0.28%
IE00073MUWT4,6196408,"CHUGAI PHARMACY CO. LTD NPV",JAPAN,Pharmaceuticals,0.26%
IE00073MUWT4,BNYK8H9,"TRIP COM GROUP LTD USD0.00125","CAYMAN ISLANDS","Consumer Discretionary",0.25%
IE00073MUWT4,6172323,"CANON INC NPV",JAPAN,"Information Technology",0.25%
IE00073MUWT4,6356525,"FUJIFILM HOLDINGS CORP",JAPAN,"Information Technology",0.24%
IE00073MUWT4,6885074,"TERUMO CORP NPV",JAPAN,"Health Care",0.23%
IE00073MUWT4,6640381,"DENSO CORP",JAPAN,"Consumer Discretionary",0.23%
IE00073MUWT4,5962280,"CHOCOLADEFABRIKEN LINDT & SPRU",SWITZERLAND,"Consumer Staples",0.21%
IE00073MUWT4,5671519,"WOLTERS KLUWER EUR0.12",NETHERLANDS,Industrials,0.20%
IE00073MUWT4,7108918,"ROCHE HOLDINGS AG CHF0.001 (BR)",SWITZERLAND,"Health Care",0.12%
